{ "compressionlevel":-1,
 "height":37,
 "infinite":false,
 "layers":[
        {
         "data":[0, 0, 0, 0, 0, 0, 0, 0, 0, 0, 0, 0, 0, 0, 0, 0, 0, 0, 0, 0, 0, 0, 0, 0, 0, 0, 0, 0, 0,
            0, 0, 0, 0, 0, 0, 0, 0, 0, 0, 0, 0, 0, 0, 0, 0, 0, 0, 0, 0, 0, 0, 0, 0, 0, 0, 0, 0, 0,
            0, 0, 0, 0, 0, 0, 0, 0, 0, 0, 0, 0, 0, 0, 0, 0, 0, 0, 0, 0, 0, 0, 0, 0, 0, 0, 0, 0, 0,
            1, 2, 3, 4, 5, 6, 7, 8, 9, 10, 11, 12, 19, 19, 218, 19, 19, 18, 19, 20, 21, 22, 23, 24, 25, 26, 27, 28, 29,
            30, 0, 0, 0, 0, 0, 0, 0, 0, 0, 0, 0, 0, 0, 247, 0, 0, 0, 0, 0, 0, 0, 0, 0, 0, 0, 0, 0, 58,
            59, 0, 0, 0, 0, 0, 0, 0, 0, 0, 0, 0, 0, 0, 276, 0, 0, 0, 0, 0, 0, 0, 0, 0, 0, 0, 0, 0, 87,
            88, 0, 0, 96, 98, 99, 0, 0, 96, 97, 98, 99, 0, 0, 276, 0, 0, 96, 97, 98, 99, 0, 0, 96, 98, 99, 0, 0, 116,
            117, 0, 0, 125, 126, 128, 0, 0, 125, 126, 127, 128, 0, 0, 305, 0, 0, 125, 126, 127, 128, 0, 0, 125, 126, 128, 0, 0, 145,
            146, 0, 0, 0, 0, 0, 0, 0, 0, 0, 0, 0, 0, 0, 0, 0, 0, 0, 0, 0, 0, 0, 0, 0, 0, 0, 0, 0, 174,
            117, 0, 0, 0, 0, 0, 0, 0, 0, 0, 0, 0, 0, 0, 0, 0, 0, 0, 0, 0, 0, 0, 0, 0, 0, 0, 0, 0, 116,
            117, 0, 0, 215, 216, 221, 0, 0, 212, 0, 0, 215, 216, 217, 218, 219, 220, 221, 0, 0, 224, 0, 0, 215, 216, 221, 0, 0, 116,
            117, 0, 0, 0, 0, 0, 0, 0, 241, 0, 0, 0, 0, 0, 247, 0, 0, 0, 0, 0, 253, 0, 0, 0, 0, 0, 0, 0, 116,
            117, 0, 0, 0, 0, 0, 0, 0, 270, 0, 0, 0, 0, 0, 276, 0, 0, 0, 0, 0, 282, 0, 0, 0, 0, 0, 0, 0, 116,
            125, 4, 4, 216, 216, 93, 0, 0, 299, 300, 301, 302, 0, 0, 305, 0, 0, 215, 216, 217, 311, 0, 0, 96, 309, 309, 4, 21, 128,
            150, 150, 150, 150, 150, 357, 0, 0, 328, 0, 0, 0, 0, 0, 0, 0, 0, 0, 0, 0, 340, 0, 0, 241, 150, 150, 150, 150, 150,
            150, 150, 150, 150, 150, 357, 0, 0, 357, 0, 0, 0, 0, 0, 0, 0, 0, 0, 0, 0, 369, 0, 0, 241, 150, 150, 150, 150, 150,
            220, 220, 220, 220, 220, 128, 0, 0, 386, 0, 0, 91, 4, 0, 0, 0, 4, 99, 0, 0, 398, 0, 0, 125, 220, 220, 220, 220, 220,
            0, 0, 0, 0, 0, 0, 0, 0, 0, 0, 0, 241, 0, 0, 0, 0, 0, 253, 0, 0, 0, 0, 0, 0, 0, 0, 0, 0, 0,
            0, 0, 0, 0, 0, 0, 0, 0, 0, 0, 0, 241, 0, 0, 0, 0, 0, 282, 0, 0, 0, 0, 0, 0, 0, 0, 0, 0, 0,
            216, 4, 4, 216, 216, 93, 0, 0, 224, 0, 0, 125, 11, 11, 11, 11, 11, 128, 0, 0, 224, 0, 0, 96, 309, 309, 4, 21, 216,
            150, 150, 150, 150, 150, 357, 0, 0, 253, 0, 0, 0, 0, 0, 0, 0, 0, 0, 0, 0, 253, 0, 0, 241, 150, 150, 150, 150, 150,
            150, 150, 150, 150, 150, 357, 0, 0, 102, 0, 0, 0, 0, 0, 0, 0, 0, 0, 0, 0, 102, 0, 0, 241, 150, 150, 150, 150, 150,
            96, 220, 220, 220, 220, 128, 0, 0, 131, 0, 0, 215, 216, 217, 218, 219, 220, 221, 0, 0, 131, 0, 0, 125, 220, 220, 220, 220, 93,
            88, 0, 0, 0, 0, 0, 0, 0, 0, 0, 0, 0, 0, 0, 247, 0, 0, 0, 0, 0, 0, 0, 0, 0, 0, 0, 0, 0, 88,
            88, 0, 0, 0, 0, 0, 0, 0, 0, 0, 0, 0, 0, 0, 276, 0, 0, 0, 0, 0, 0, 0, 0, 0, 0, 0, 0, 0, 88,
            88, 0, 0, 215, 216, 99, 0, 0, 215, 216, 216, 221, 0, 0, 305, 0, 0, 215, 216, 216, 221, 0, 0, 96, 220, 221, 0, 0, 88,
            88, 0, 0, 0, 0, 59, 0, 0, 0, 0, 0, 0, 0, 0, 0, 0, 0, 0, 0, 0, 0, 0, 0, 328, 0, 0, 0, 0, 88,
            116, 0, 0, 0, 0, 357, 0, 0, 0, 0, 0, 0, 0, 0, 0, 0, 0, 0, 0, 0, 0, 0, 0, 357, 0, 0, 0, 0, 116,
            299, 220, 221, 0, 0, 386, 0, 0, 224, 0, 0, 215, 216, 217, 218, 219, 220, 221, 0, 0, 224, 0, 0, 386, 0, 0, 308, 309, 311,
            357, 0, 0, 0, 0, 0, 0, 0, 253, 0, 0, 0, 0, 0, 247, 0, 0, 0, 0, 0, 253, 0, 0, 0, 0, 0, 0, 0, 357,
            357, 0, 0, 0, 0, 0, 0, 0, 282, 0, 0, 0, 0, 0, 276, 0, 0, 0, 0, 0, 282, 0, 0, 0, 0, 0, 0, 0, 357,
            357, 0, 0, 308, 309, 309, 5, 309, 121, 5, 220, 221, 0, 0, 305, 0, 0, 308, 309, 309, 127, 309, 220, 5, 220, 221, 0, 0, 357,
            116, 0, 0, 0, 0, 0, 0, 0, 0, 0, 0, 0, 0, 0, 0, 0, 0, 0, 0, 0, 0, 0, 0, 0, 0, 0, 0, 0, 116,
            116, 0, 0, 0, 0, 0, 0, 0, 0, 0, 0, 0, 0, 0, 0, 0, 0, 0, 0, 0, 0, 0, 0, 0, 0, 0, 0, 0, 116,
            125, 21, 21, 21, 21, 21, 21, 21, 21, 21, 21, 21, 21, 21, 21, 21, 21, 21, 21, 21, 21, 21, 21, 21, 21, 21, 21, 21, 128,
            0, 0, 0, 0, 0, 0, 0, 0, 0, 0, 0, 0, 0, 0, 0, 0, 0, 0, 0, 0, 0, 0, 0, 0, 0, 0, 0, 0, 0,
            0, 0, 0, 0, 0, 0, 0, 0, 0, 0, 0, 0, 0, 0, 0, 0, 0, 0, 0, 0, 0, 0, 0, 0, 0, 0, 0, 0, 0],
         "height":37,
         "id":1,
         "name":"Tile Layer 1",
         "opacity":1,
         "type":"tilelayer",
         "visible":true,
         "width":29,
         "x":0,
         "y":0
        }],
 "nextlayerid":2,
 "nextobjectid":1,
 "orientation":"orthogonal",
 "renderorder":"right-down",
 "tiledversion":"1.10.2",
 "tileheight":16,
 "tilesets":[
        {
         "columns":29,
         "firstgid":1,
         "image":"pac man tiles\/tileset.png",
         "imageheight":244,
         "imagewidth":470,
         "margin":0,
         "name":"pacman tileset",
         "spacing":0,
         "tilecount":435,
         "tileheight":16,
         "tilewidth":16,
         "transparentcolor":"#ff00ff"
        }],
 "tilewidth":16,
 "type":"map",
 "version":"1.10",
 "width":29
}